Hospital,Type,Area,Latitude,Longitude
The Queen's Medical Center,General acute care,Honolulu (Punchbowl),21.30847,-157.85386
Straub Benioff Medical Center,General acute care,Honolulu,21.30288,-157.85052
Kapiʻolani Medical Center for Women & Children,Women & children,Honolulu,21.29984,-157.83346
Shriners Children's Hawaii,Specialty (pediatric),Honolulu,21.30063,-157.8354
Kuakini Medical Center,General acute care,Honolulu,21.3223,-157.8567
Rehabilitation Hospital of the Pacific,Specialty (rehab),Honolulu,21.32161,-157.85426
Leʻahi Hospital,Long-term care,Honolulu (Diamond Head),21.27326,-157.80155
Kaiser Permanente Moanalua Medical Center,General acute care,Moanalua,21.36323,-157.90009
Tripler Army Medical Center,Military / general acute care,Moanalua Ridge,21.36022,-157.8895
Spark M. Matsunaga VA Medical Center,Veterans / general,Moanalua Ridge,21.36147,-157.88943
Pali Momi Medical Center,General acute care,ʻAiea,21.38348,-157.93842
The Queen's Medical Center – West Oahu,General acute care,Ewa Beach,21.37263,-158.02705
The Queen's Medical Center – Kahi Mohala,Behavioral health,Ewa Beach,21.37357,-158.03338
The Queen's Medical Center – Wahiawā,General acute care,Wahiawā,21.49888,-158.02625
Adventist Health Castle,General acute care,Kailua,21.38085,-157.75778
Hawaii State Hospital,Psychiatric (state),Kāneʻohe,21.40502,-157.81601
Kahuku Medical Center,Critical access,Kahuku,21.6765,-157.95434
Waianae Coast Comprehensive Health Center, General acute care, Waianae, 21.4299, -158.1798